{"roc_auc": 0.8558946265311784, "accuracy": 0.8544166666666667, "precision": 0.8178633975481612, "recall": 0.43981917498587303, "f1_score": 0.5720235178833906}